password_label,hash_algorithm,number_of_workers,controller_side_parsing_time_ms,job_dispatch_registration_overhead_ms,work_assignment_overhead_total_ms,work_assignment_overhead_per_unit_ns,worker_cracking_time_ms,result_return_latency_ms,checkpoint_overhead_ms,checkpoint_impact_pct,total_end_to_end_runtime_ms,controller_overhead_ms,networking_overhead_ms,combined_overhead_ms,heartbeat_observation_count,heartbeat_avg_interval_metric_ms,checkpoint_observation_count,checkpoint_avg_ms,checkpoint_min_ms,checkpoint_max_ms,run_label,serial_fraction_estimate,predicted_runtime_5_workers_ms,measured_runtime_5_workers_ms,prediction_error_pct,total_end_to_end_runtime_s,predicted_runtime_5_workers_s,measured_runtime_5_workers_s,speedup_1_to_5
Ace,bcrypt,1,0.136584,2.422959,1.412,201.71428571428572,2546.031,0.076,14.711,0.5416816515599383,2715.801792,1.548584,2.498959,18.758543,,,64,0.229859,0.119,0.492,Ace - 1 workers,0.02457943283397733,596.5626525894875,934.398709,56.630440230221325,2.715801792,0.5965626525894875,0.9343987090000001,2.906469974585549
Ace,bcrypt,2,0.028208,3.52129,1.456,208.0,2629.043,0.126,19.586,1.3802583911501993,1419.009667,1.484208,3.64729,24.717498,,,68,0.288029,0.17,0.458,Ace - 2 workers,0.02457943283397733,596.5626525894875,934.398709,56.630440230221325,1.419009667,0.5965626525894875,0.9343987090000001,2.906469974585549
Ace,bcrypt,3,0.029375,3.776375,1.269,181.28571428571428,2786.201,0.152,47.579,4.4521415732025105,1068.676708,1.298375,3.928375,52.80575,,,72,0.660819,0.222,1.46,Ace - 3 workers,0.02457943283397733,596.5626525894875,934.398709,56.630440230221325,1.068676708,0.5965626525894875,0.9343987090000001,2.906469974585549
Ace,bcrypt,5,0.024541,5.337208,2.146,357.6666666666667,3534.662,0.266,67.983,7.275587963167873,934.398709,2.170541,5.603208,75.756749,,,67,1.014671,0.34,20.042,Ace - 5 workers,0.02457943283397733,596.5626525894875,934.398709,56.630440230221325,0.9343987090000001,0.5965626525894875,0.9343987090000001,2.906469974585549
Bad,bcrypt,1,0.223916,3.483584,2.369,182.23076923076923,4945.067,0.091,24.515,0.4948697759722606,4953.8285,2.592916,3.574584,30.6825,,,125,0.19612,0.105,0.65,Bad - 1 workers,0.02967158743426426,1108.35606437768,1658.000125,49.590928248399514,4.953828499999999,1.10835606437768,1.658000125,2.9878336106880568
Bad,bcrypt,2,0.030083,23.257082,14.234,1094.923076923077,5081.815,0.098,36.83,1.3798136595932642,2669.201,14.264083,23.355082,74.449165,,,130,0.283307,0.137,1.183,Bad - 2 workers,0.02967158743426426,1108.35606437768,1658.000125,49.590928248399514,2.669201,1.10835606437768,1.658000125,2.9878336106880568
Bad,bcrypt,3,0.027875,5.741043,2.769,213.0,5400.106,0.189,99.114,5.048405338847411,1963.273417,2.796875,5.930043,107.840918,,,134,0.739656,0.174,5.594,Bad - 3 workers,0.02967158743426426,1108.35606437768,1658.000125,49.590928248399514,1.9632734170000001,1.10835606437768,1.658000125,2.9878336106880568
Bad,bcrypt,5,0.031292,7.976501,12.839,1167.1818181818182,6903.247,0.117,96.675,5.830819825782582,1658.000125,12.870292,8.093501,117.638793,,,122,0.792418,0.244,3.928,Bad - 5 workers,0.02967158743426426,1108.35606437768,1658.000125,49.590928248399514,1.658000125,1.10835606437768,1.658000125,2.9878336106880568
Cab,bcrypt,1,0.233042,4.483334,3.343,175.94736842105263,7391.811,0.075,35.539,0.48012023067629717,7402.10425,3.576042,4.558334,43.673376,,,187,0.190048,0.103,0.358,Cab - 1 workers,0.027088029067196578,1640.8275820659355,2556.113916,55.78199342441844,7.402104250000001,1.6408275820659355,2.5561139159999997,2.8958428666525835
Cab,bcrypt,2,0.02975,8.217625,3.957,208.26315789473685,7599.838,0.124,59.398,1.4958337017199683,3970.895958,3.98675,8.341625,71.726375,,,194,0.306175,0.131,3.902,Cab - 2 workers,0.027088029067196578,1640.8275820659355,2556.113916,55.78199342441844,3.9708959580000003,1.6408275820659355,2.5561139159999997,2.8958428666525835
Cab,bcrypt,3,0.026667,6.488792,3.635,191.31578947368422,8076.181,0.148,157.052,5.377473594582603,2920.553625,3.661667,6.636792,167.350459,,,201,0.781353,0.215,4.174,Cab - 3 workers,0.027088029067196578,1640.8275820659355,2556.113916,55.78199342441844,2.920553625,1.6408275820659355,2.5561139159999997,2.8958428666525835
Cab,bcrypt,5,0.030167,13.29275,10.13,633.125,10389.845,0.165,196.764,7.697778990535413,2556.113916,10.160167,13.45775,220.381917,,,190,1.0356,0.238,24.114,Cab - 5 workers,0.027088029067196578,1640.8275820659355,2556.113916,55.78199342441844,2.5561139159999997,1.6408275820659355,2.5561139159999997,2.8958428666525835
Dad,bcrypt,1,0.20575,6.022081,4.423,170.1153846153846,9850.29,0.058,45.861,0.46500502621703177,9862.474041,4.62875,6.080081,56.569831,,,250,0.183444,0.108,0.387,Dad - 1 workers,0.02503269269216819,2170.002233682271,3263.140042,50.374962354890606,9.862474040999999,2.1700022336822706,3.263140042,3.022387612563273
Dad,bcrypt,2,0.03025,7.461081,5.133,205.32,9703.493,0.113,60.032,1.2320126792722799,4872.677125,5.16325,7.574081,72.769331,,,238,0.252235,0.146,0.567,Dad - 2 workers,0.02503269269216819,2170.002233682271,3263.140042,50.374962354890606,4.872677125,2.1700022336822706,3.263140042,3.022387612563273
Dad,bcrypt,3,0.026417,8.382461,5.239,209.56,10348.109,0.181,175.241,5.044709747330277,3473.757833,5.265417,8.563461,189.069878,,,239,0.733225,0.238,4.996,Dad - 3 workers,0.02503269269216819,2170.002233682271,3263.140042,50.374962354890606,3.473757833,2.1700022336822706,3.263140042,3.022387612563273
Dad,bcrypt,5,0.034042,14.914499,29.936,1301.5652173913043,14560.286,0.108,177.409,5.436757163853282,3263.140042,29.970042,15.022499,222.401541,,,242,0.733095,0.246,10.984,Dad - 5 workers,0.02503269269216819,2170.002233682271,3263.140042,50.374962354890606,3.263140042,2.1700022336822706,3.263140042,3.022387612563273
Ear,bcrypt,1,0.307209,7.751085,5.508,172.125,12313.605,0.107,57.349,0.46520140540322397,12327.77875,5.815209,7.858085,71.022294,,,312,0.18381,0.11,0.4,Ear - 1 workers,0.024671465718170433,2708.8712466494517,4151.456625,53.25411387251619,12.32777875,2.708871246649452,4.151456625,2.9695068173812365
Ear,bcrypt,2,0.025125,10.031042,6.432,207.48387096774192,12229.103,0.144,81.007,1.3093756876532765,6186.688875,6.457125,10.175042,97.639167,,,304,0.26647,0.131,2.0,Ear - 2 workers,0.024671465718170433,2708.8712466494517,4151.456625,53.25411387251619,6.186688875,2.708871246649452,4.151456625,2.9695068173812365
Ear,bcrypt,3,0.026209,9.86796,6.55,211.29032258064515,13023.601,0.13,216.053,4.87326523868318,4433.434041,6.576209,9.99796,232.627169,,,306,0.706055,0.209,2.897,Ear - 3 workers,0.024671465718170433,2708.8712466494517,4151.456625,53.25411387251619,4.433434041000001,2.708871246649452,4.151456625,2.9695068173812365
Ear,bcrypt,5,0.027334,19.185833,15.283,493.0,19909.931,0.12,309.044,7.444230493435542,4151.456625,15.310334,19.305833,343.660167,,,311,0.99371,0.215,24.857,Ear - 5 workers,0.024671465718170433,2708.8712466494517,4151.456625,53.25411387251619,4.151456625,2.708871246649452,4.151456625,2.9695068173812365
